month,efficiency
1,10.420545270295474
2,10.691177654586735
3,10.59344374824047
4,9.467788502768181
5,8.367721090037636
6,8.582881387091398
7,6.760699627375
8,7.709469600265553
9,8.724013564975873
10,8.892976294909362
11,9.093048585218595
12,9.729146440187478
